{"target": -0.160366722156083, "params": {"random_state": 1, "learning_rate": 0.2791092314809585, "n_estimators": 362}}