{"target": -0.11491307559263642, "params": {"random_state": 1, "max_features": "sqrt", "verbose": 0, "learning_rate": 0.0809536940141023, "max_depth": 7, "min_samples_split": 0.00995612359950415, "n_estimators": 356, "subsample": 0.897053918666576}}