{"target": -0.11369944397687945, "params": {"random_state": 1, "max_features": "sqrt", "verbose": 0, "learning_rate": 0.032938174483303016, "max_depth": 5, "min_samples_split": 0.008825836058270253, "n_estimators": 464, "subsample": 0.98465575346388}}