{"target": -0.11210104844529609, "params": {"objective": "regression", "max_bin": 200, "verbose": 1, "metric": ["rmse"], "bagging_fraction": 0.8020768899009928, "feature_fraction": 0.5224236766143082, "learning_rate": 0.08226118404494469, "max_depth": 5, "min_child_samples": 22, "min_child_weight": 0.07029455430544018, "n_estimators": 496, "num_leaves": 145, "reg_alpha": 0.2972002938510027, "reg_lambda": 0.4912682137150779}}