{"target": -0.11316774345935046, "params": {"objective": "regression", "max_bin": 200, "verbose": 1, "metric": ["rmse"], "bagging_fraction": 0.5927805709570154, "feature_fraction": 0.8268010829105298, "learning_rate": 0.07340955693270411, "max_depth": 5, "min_child_samples": 67, "min_child_weight": 0.08590454749366014, "n_estimators": 733, "num_leaves": 190, "reg_alpha": 0.2642435071341076, "reg_lambda": 0.00957607909475261}}