{"target": -0.11011133386148683, "params": {"shrinking": true, "kernel": "rbf", "max_iter": -1, "C": 101.66728402790632, "gamma": 0.001, "tol": 0.001}}