{"target": -0.11797480586492899, "params": {"min_child_weight": 1, "seed": 0, "colsample_bytree": 0.8, "gamma": 0, "silent": 1, "learning_rate": 0.18565916813033037, "max_depth": 3, "n_estimators": 376, "reg_alpha": 0.9147348609347001, "reg_lambda": 0.21132027081141058, "subsample": 0.9534201000946856}}